id;name;slug;description;type;sort;status;created_date;last_update
1;mobile Fish;Home Loan Account Table Computer;Trace;33370;60111;alarm;2019-09-17T06:46:02;2019-09-17T05:54:26
2;transmitter Implementation Electronics;Soap methodology Albania;Home Namibia;39986;13949;zero administration;2019-09-16T22:28:07;2019-09-17T01:40:29
3;Licensed Savings Account;Cambridgeshire Mississippi;HDD;68030;17052;Small Frozen Sausages Planner;2019-09-16T11:51:35;2019-09-16T22:00:41
4;Music;Nakfa;Bahamian Dollar Investment Account;83319;3438;Regional;2019-09-17T01:03:02;2019-09-17T02:53:15
5;copy convergence;Mayotte;Industrial;84228;77513;Markets Chief;2019-09-16T16:54:42;2019-09-16T13:48:25
6;archive Georgia Aruba;software scale interactive;Louisiana Specialist Home Loan Account;27599;14092;back-end;2019-09-17T05:28:19;2019-09-17T06:53:09
7;deliverables reinvent 24 hour;overriding;monitor 1080p Checking Account;92630;35846;Frozen IB;2019-09-16T16:18:08;2019-09-16T20:28:28
8;Ergonomic;moratorium moratorium;New York tangible Mississippi;38292;11959;bus synthesize Idaho;2019-09-16T12:45:29;2019-09-17T01:06:56
9;Sleek Metal Table Small;Intelligent Outdoors;Harbor Montana;69551;90756;Phased;2019-09-16T21:24:43;2019-09-16T18:18:18
10;white Brand Money Market Account;Salad Web virtual;Refined Squares;21844;18657;Human Ghana;2019-09-16T11:52:58;2019-09-17T04:19:52
